text	arg	arg.type	arg.num	neg	pers.num	verb.category
RT @child_in_cry: @tinvafla  –Ø –Ω–µ —É–º–µ—é –≤ —Å–∏–≥–Ω—ã https://t.co/FUW839Fojz	—Å–∏–≥–Ω–∞	object	pl	1	1sg	can.into
@princeofkeksiki –Ω—É –≤–æ –≤—Ä–µ–º—è —Å–µ–∫—Å–∞ –Ω–µ —Ç–∞–∫ –æ–±–∏–¥–Ω–æ, —è –Ω–µ —É–º–µ—é –≤ –ø–µ—Ä—Ñ–æ–º–∞–Ω—Å—ã, —Å–∫—É—á–Ω–æ –≤—ã—Ö–æ–¥–∏—Ç	–ø–µ—Ä—Ñ–æ—Ä–º–∞–Ω—Å	object	pl	1	1sg	can.into
–û–¥–Ω–∞–∫–æ –Ω–∏ —Ä–∞–∑—É –µ—â–µ –Ω–µ —É—á–∏—Ç—ã–≤–∞–ª—Å—è —Ç–æ—Ç —Ñ–∞–∫—Ç, —á—Ç–æ —è –∂—É—Ç–∫–∏–π –∏–Ω—Ç—Ä–æ–≤–µ—Ä—Ç –∏ –Ω–µ —É–º–µ—é –≤ –æ–±—â–µ–Ω–∏–µ —Å –ª—é–¥—å–º–∏	–æ–±—â–µ–Ω–∏–µ	action	sg	1	1sg	can.into
–£–∂–∞—Å–Ω–æ –∑–∞—Ö–æ—Ç–µ–ª–æ—Å—å –Ω–∞—Ä–∏—Å–æ–≤–∞—Ç—å —á–µ—Ä–Ω–æ–∫–æ–∂—É—é –¥–µ–≤—á—É—à–∫—É, –Ω–æ —á–µ—Ä—Ç, —è –Ω–µ —É–º–µ—é –≤ —Ç–∞–∫–∏–µ –æ—Ç—Ç–µ–Ω–∫–∏ –∫–æ–∂–∏, –ª–æ–ª	–æ—Ç—Ç–µ–Ω–∫–∏	object	pl	1	1sg	can.into
@Kristerstein –∫–æ–≥–¥–∞ —Ç—ã —Å–ª–æ—É–ø–æ–∫ –∏ —Ç–æ–ª—å–∫–æ —É–≤–∏–¥–µ–ª. –Ø —Å–æ–≤–µ—Ä—à–µ–Ω–Ω–æ –Ω–µ —É–º–µ—é –≤ —Ç–∞–∫–∏–µ –≤–µ—â–∏, –∏ –µ—â—ë –º–µ–Ω—å—à–µ –≤ –æ–ø–∏—Å–∞–Ω–∏—è, –Ω–æ –ø–æ–ø—Ä–æ–±—É—é?	–≤–µ—â–∏	object	pl	1	1sg	can.into
@sent_vinsent –ê–•–ê–•–ê–•–ê–•–ê–•–ê–•–ê–•–ê –∫–æ–Ω–µ—á–Ω–æ üåö —è –Ω–µ —É–º–µ—é –≤ –±–µ—Å—Å—é–∂–µ—Ç–Ω—ã–π –ø—Ä–æ–Ω –ø–æ –≥–∞–Ω–Ω–∏–≥—Ä—ç–º—É) —Ç.–µ. —É–º–µ—é, –Ω–æ –Ω–µ –≤ —Ñ—Ñ :D —Ö–æ—Ç—è... –∞ –≤–ø—Ä–æ—á–µ–º, –Ω–µ –Ω–∞–¥–æ)	–ø—Ä–æ–Ω	object	sg	1	1sg	can.into
–Ø –Ω–µ —É–º–µ—é –≤ –æ—Ç–Ω–æ—à–µ–Ω–∏—è. –ó–∞—Ç–æ –¥—Ä—É–≥ —Ö–æ—Ä–æ—à–∏–π, —á–µ.	–æ—Ç–Ω–æ—à–µ–Ω–∏–µ	object	pl	1	1sg	can.into
@Blue_shrimp –Ω–∏—Ñ–∏–≥–∞ —è –Ω–µ —É–º–µ—é –≤ –ø–æ–∑–¥—Ä–∞–≤–ª–µ–Ω–∏—è, –Ω–∞ —Å–∞–º–æ–º –¥–µ–ª–µ. –Ω–µ —É–º–µ—é —è –≤—ã—Ä–∞–∑–∏—Ç—å —Å–≤–æ—ë –æ—Ç–Ω–æ—à–µ–Ω–∏–µ –≤ –ø–æ–ª–Ω–æ–π –º–µ—Ä–µ. –Ω–æ –ø—Ä–∞–≤–¥–∞ –ª—é–±–ª—é —Ç–µ–±—è &lt;3	–ø–æ–∑–¥—Ä–∞–≤–ª–µ–Ω–∏–µ	object	pl	1	1sg	can.into
–ø–æ—Ç–æ–º –≤ –¥–∏–¥–∂–µ –ø–µ—Ä–µ—Ä–∏—Å—É—é –Ω–µ —É–º–µ—é –≤ —Ç—Ä–∞–¥–∏—à	—Ç—Ä–∞–¥–∏—à	object	sg	1	1sg	can.into
–ú–µ–Ω—è –∑–æ–≤—É—Ç  –ú–æ–∫–æ–Ω–∞ –∏ —è –Ω–µ —É–º–µ—é –≤ –æ—Ä–∏–≥–∏–Ω–∞–ª—å–Ω–æ—Å—Ç—å. https://t.co/MDtevSTLB3	–æ—Ä–∏–≥–∏–Ω–∞–ª—å–Ω–æ—Å—Ç—å	object	sg	1	1sg	can.into
–Ω–µ —É–º–µ—é –≤ –ø–æ—Å—Ç—Ä–æ–µ–Ω–∏–µ –∫–æ–º–ø–æ–∑–∏—Ü–∏–∏, –ø–æ —ç—Ç–æ–º—É –±—É–¥—É –ø—Ä–æ—Å—Ç–æ –ø–µ—Ä–µ—Ç–∞—Å–∫–∏–≤–∞—Ç—å –∏ –≤—Ä–∞—â–∞—Ç—å –ø–æ–∫–∞ –Ω–µ —Å—Ç–∞–Ω–µ—Ç KPACUBO https://t.co/wpvEr4KjLm	–ø–æ—Å—Ç—Ä–æ–µ–Ω–∏–µ	action	sg	1	1sg	can.into
@Nikirari —è –≤ –ø—Ä–∏–Ω—Ü–∏–ø–µ –Ω–µ –æ—á–µ–Ω—å —É–º–µ—é –≤ –∂–∏–≤–æ—Ç–Ω—ã—Ö	–∂–∏–≤–æ—Ç–Ω—ã–µ	object	pl	1	1sg	can.into
–æ—á–µ–Ω—å –≥—Ä—É—Å—Ç–Ω–æ –∫—Å—Ç–∞—Ç–∏ —á—Ç–æ —è –Ω–µ –ø–æ–Ω–∏–º–∞—é —á—Ç–æ –º–Ω–µ –¥–µ–ª–∞—Ç—å –∫–∞–∫ –≤–µ—Å—Ç–∏ —Å –Ω–∞—à–µ–π —Å–æ–±–∞–∫–æ–π  –Ω–µ —É–º–µ—é –≤ —Å–æ–±–∞–∫	—Å–æ–±–∞–∫–∞	object	pl	1	1sg	can.into
@Wolfs_Tail –∞ —è —É–º–µ—é –≤ –ø–∞—Ñ–æ—Å, –∫–æ–≥–¥–∞ —Ä–µ–ø –ø—ã—Ç–∞—é—Å—å —á–∏—Ç–∞—Ç—å, –Ω–æ –µ—Ç —ç–ø–∏—á–Ω–æ –≤—ã–≥–ª—è–¥–∏—Ç XD	–ø–∞—Ñ–æ—Å	object	sg	0	1sg	can.into
–í—Å–µ –µ—â–µ –Ω–µ —É–º–µ—é –≤ –∞–Ω–∏–º–µ https://t.co/DdcZkbeaZq	–∞–Ω–∏–º–µ	object	sg	1	1sg	can.into
–í—Å—ë –µ—â—ë –Ω–µ —É–º–µ—é –≤ –∫—Ä–∞—Å–æ—Ç—É, –Ω—É –∏ –ª–∞–¥–Ω–æ	–∫—Ä–∞—Å–æ—Ç–∞	object	sg	1	1sg	can.into
@frstmk –±–ª–∏–Ω —â–∏—Ç —è –Ω–µ —É–º–µ—é –≤ –º–∞–∫—Å–∏(	–º–∞–∫—Å–∏	object	sg	1	1sg	can.into
–±–ª—è—Ç—å –≤—Å—ë –Ω–µ –∑–Ω–∞—é –Ω–µ —É–º–µ—é –≤ –∫–æ–Ω—Ñ–ª–∏–∫—Ç—ã –∏ –º–Ω–µ —Ñ–∏–∑–∏—á–µ—Å–∫–∏ –ø–ª–æ—Ö–æ —Å—Ç–∞–ª–æ –ø–æ–π–¥—É —Ñ–∏–ª—å–º –¥–æ—Å–º–∞—Ç—Ä–∏–≤–∞—Ç—å	–∫–æ–Ω—Ñ–ª–∏–∫—Ç	object	pl	1	1sg	can.into
–Ø –Ω–µ –º–æ–≥—É, —è –Ω–µ —É–º–µ—é –≤ –ø—Ä–æ—Ñ–∏–ª—å, —è –ö–õ–Ø–õ–ê–°–¨ –°–ï–ë–ï –Ω–µ —Å–¥–∞–≤–∞—Ç—å –ø—Ä–æ—Ñ–∏–ª—å. –Ø –Ω–∏–∫–æ–≥–¥–∞ –µ–º—É –Ω–µ —É—á–∏–ª–∞—Å—å!	–ø—Ä–æ—Ñ–∏–ª—å	object	sg	1	1sg	can.into
–ì–æ—Ä—è—á–æ –ñ–∞–ª—å, —è –Ω–µ —É–º–µ—é –≤ –ù–¶—É https://t.co/BcHGqigyeZ	–Ω—Ü	object	sg	1	1sg	can.into
–ú–Ω–µ 16,—è –Ω–µ–∂–Ω–∞ –∏ –º–æ–ª–æ–¥–∞,—É–∂–µ —É–º–µ—é –∫—Ä–∞—Å–∏—Ç—å –±—Ä–æ–≤–∏,–Ω–æ –µ—â–µ –Ω–µ —É–º–µ—é –≤ –ø–∞—Ñ–æ—Å–Ω–æ–µ –ª–∞–π–∫ —ç –±–∏—á –µ–±–∞–ª–æ. https://t.co/tssOfMSkSL	–µ–±–∞–ª–æ	object	sg	1	1sg	can.into
@LoonyDragon –Ω–æ —è –∏—Ö –ø—Ä–∞–≤–¥–∞ –Ω–µ –Ω–æ—à—É! –ú–Ω–µ –≤ —Å–≤–æ—ë –≤—Ä–µ–º—è –∏—Ö —Ä–æ–¥–∏—Ç–µ–ª–∏ –∫—É–ø–∏–ª–∏, –∞ —è –ø—Ä–æ—Å—Ç–æ –Ω–µ —É–º–µ—é –≤ –∫—Ä–∞—Å–∏–≤–æ–µ –Ω–æ—à–µ–Ω–∏–µ –≤–µ—â–µ–π, –≤–æ—Ç –∏ –Ω–µ —Ç—Ä–æ–≥–∞—é	–Ω–æ—à–µ–Ω–∏–µ	action	sg	1	1sg	can.into
—É –º–µ–Ω—è –Ω–∏–∫–æ–≥–¥–∞ –Ω–µ –±—É–¥–µ—Ç –≤—Ç–æ—Ä–æ–π –ø–æ–ª–æ–≤–∏–Ω–∫–∏ –ø–æ—Ç–æ–º—É —á—Ç–æ —è –Ω–µ —É–º–µ—é –≤ —ç—Ç–∏ –≤–∞—à–∏ –æ—Ç–Ω–æ—à–µ–Ω–∏—è	–æ—Ç–Ω–æ—à–µ–Ω–∏–µ	object	pl	1	1sg	can.into
–≤—ã –≤—Å–µ –æ—Ö—É–µ–ª–∏ –ø—Ä–æ—Å—Ç–æ –≥–æ—Å–ø–æ–¥–∏ —è –∂–µ –Ω–µ —É–º–µ—é –≤ –ø–æ–¥–∞—Ä–∫–∏ —è —á—Ç–æ –≤–∞–º –≤—Å–µ–º –Ω–∞—Ç—É—Ä–æ–π —Ä–∞—Å–ø–ª–∞—á–∏–≤–∞—Ç—å—Å—è –±—É–¥—É!!!	–ø–æ–¥–∞—Ä–æ–∫	object	pl	1	1sg	can.into
RT @luuucky_clover: [ david bowie - life on mars? ]  –Ω–µ —É–º–µ—é –≤ —ç—Å—Ç–µ—Ç–∏–∫–∏, –Ω–æ —è –ø—ã—Ç–∞–ª—Å—è https://t.co/ckXCjEqRFT	—ç—Å—Ç–µ—Ç–∏–∫–∞	object	pl	1	1sg	can.into
—è –Ω–µ —É–º–µ—é –≤ —Ñ–µ–º –∏ –≤ –≥–µ—Ç –∫–∞–∫ —è —Å–æ–±—Ä–∞–ª—Å—è –≤—ã–∂–∏–≤–∞—Ç—å	—Ñ–µ–º	object	sg	1	1sg	can.into
@kenzolika —è –º–æ–≥—É –±—ã—Ç—å —Å–∞–º—ã–º —Ñ—Ä—É—Å—Ç—Ä–µ–π—Ç–µ–¥ –≤ –∫–æ–º–∞–Ω–¥–µ –æ—Ç—Ç–æ–≥–æ –∫–∞–∫ —è —É–º–µ—é –≤ –∫–æ–º–∞–Ω–¥–Ω—É—é –∏ –æ—á–µ–Ω—å –±–µ—à—É—Å—å	–∫–æ–º–∞–Ω–¥–Ω–∞—è	object	sg	0	1sg	can.into
—Ç–∏—Ö–æ–Ω–µ—á–∫–æ –æ—Å–æ–∑–Ω–∞—é —á—Ç–æ –ù–ï –£–ú–ï–Æ –í –ê–ù–î–ï–†–≠–ô–î–ñ —Ç–æ –µ—Å—Ç—å –≤–æ–æ–±—â–µ –Ω–µ –æ—Å–æ–∑–Ω–∞—é —Ä–∞–∑–Ω–∏—Ü—É –≤ –≤–æ–∑—Ä–∞—Å—Ç–µ –º–µ–∂–¥—É –ª—é–¥—å–º–∏	–∞–Ω–¥–µ—Ä–µ–π–¥–∂	object	sg	1	1sg	can.into
—è –Ω–µ —É–º–µ—é –≤ –ø–æ–ª–Ω–æ—Ü–µ–Ω–∫–∏ –ø–æ–ª–Ω–æ—Ü–µ–Ω–∫–∏ —Å–æ—Å—É—Ç —Ö—É–π —Å–∫–µ—Ç—á–∏ –ª—É—á—à–µ —É –º–µ–Ω—è –≤—Å–µ	–ø–æ–ª–Ω–æ—Ü–µ–Ω–∫–∞	object	pl	1	1sg	can.into
@sweet_cherry22 –Ω—É –≤–æ–æ–±—â–µ —Ä–∞–∑–Ω—ã–µ –≤–µ—â–∏ –Ø –Ω–µ —É–º–µ—é –≤ –≥–æ–≤–Ω–æ, —Ç—ã –∂ –∑–Ω–∞–µ—à—å	–≥–æ–≤–Ω–æ	object	sg	1	1sg	can.into
–Ω–µ —É–º–µ—é –≤ —Å–æ—Ü–∏–æ–∏–≥—Ä—É	—Å–æ—Ü–∏–æ–∏–≥—Ä–∞	object	sg	1	1sg	can.into
—Ä–∞–∑–≥–æ–≤–æ—Ä —É—à–µ–ª –≤ —Å—Ç–æ—Ä–æ–Ω—É "–Ω–µ —É–º–µ—é –≤ –ª–∏—á–Ω—É—é –∂–∏–∑–Ω—å"	–∂–∏–∑–Ω—å	object	sg	1	1sg	can.into
RT @fkatvvigstxt: –±–ª—è—Ç—å —è –Ω–µ —É–º–µ—é –≤ –æ—Ç–∫—Ä—ã–≤–∞–Ω–∏–µ —Ä—Ç–∞ –∏ –∏–∑–¥–∞–≤–∞–Ω–∏–µ –∑–≤—É–∫–æ–≤	–æ—Ç–∫—Ä—ã–≤–∞–Ω–∏–µ	action	sg	1	1sg	can.into
@pvt_Tumanov –º–± —è –Ω–µ —É–º–µ—é –≤ –æ–±–ª–∞–∫–∞? –ù–∞–π—Ç–∏ (–±–µ—Å–ø–ª–∞—Ç–Ω–æ) —Ñ–∏–ª—å–º –• —Å —Å–∞–±–∞–º–∏ –Ω–∞ –ø–ª–∞–Ω—à–µ—Ç–µ - –±–æ–ª—å, –¥–∞ –∏ –ø–ª–∞—Ç–Ω–æ –ø–æ–ª–≥–æ–¥–∞ –∂–¥–∞—Ç—å. –ê –º–∞–ª–∏–Ω–∞ just for fun?	–æ–±–ª–∞–∫–æ	object	pl	1	1sg	can.into
–∫–∞ –∞–¥—Å–∫–∏ –∂–∞–ª—å —á—Ç–æ —è –Ω–µ —É–º–µ—é –≤ –≥—Ä–∞—Ñ–∏–∫—É —è –±—ã —Å—Ç–ª—å–∫–æ –∏ –Ω–∞—Ä–∏—Å–æ–≤–∞–ª —Ç—Ç—Ç—Ç—Ç—Ç https://t.co/yQ1H3IvsXY	–≥—Ä–∞—Ñ–∏–∫–∞	object	sg	1	1sg	can.into
–ê –µ—â–µ —è –Ω–µ —É–º–µ—é –≤ –±—ç–∫, –º—ç—Ö	–±—ç–∫	object	sg	1	1sg	can.into
–ï–µ–µ–µ–µ, —è –Ω–µ —É–º–µ—é –≤ —Ñ–æ–Ω.~ https://t.co/GSHIznEdir	—Ñ–æ–Ω	object	sg	1	1sg	can.into
–°—Ç–∞—Ç–∏—Å—Ç–∏–∫–∞ —Ç–æ–≥–æ, –∫–∞–∫ —è —É–º–µ—é –≤ —Ä–∞–∑–Ω—ã–µ —ç–º–æ—Ü–∏–∏. –ê –≤–æ–æ–±—â–µ, –≤–º–µ—Å—Ç–æ –æ–ø—Ü–∏–∏ "–≤—Å–ø–æ–º–Ω–∏—Ç–µ –≥–æ–¥" —è –±—ã –≤—ã–±—Ä–∞–ª–∞ –∑–∞–±—ã—Ç—å 2016–π –Ω–∞—Ö—É–π. https://t.co/TjG1w8CMvH	—ç–º–æ—Ü–∏–∏	object	pl	1	1sg	can.into
@haremageddon —Ç–∞–∫–æ–≥–æ –Ω–µ –∑–Ω–∞—é (–≥—É–≥–ª –º–Ω–µ –≤ –ø–æ–º–æ—â—å), –∞ –∏–∑ –≤—Å–µ–π –≤—ã–ø–µ—á–∫–∏ —É–º–µ—é –≤ –±–ª–∏–Ω—ã, —à–∞—Ä–ª–æ—Ç–∫—É –∏ –ø–µ—Å–æ—á–Ω—ã–µ –ø–µ—á–µ–Ω—å–∫–∏ –ø–æ–∫–∞ —á—Ç–æ)	–±–ª–∏–Ω	object	pl	0	1sg	can.into
@rationalsister –Ω–æ –Ω–∞ —Å–∞–º–æ–º –¥–µ–ª–µ —ç—Ç–æ –±—É–¥–µ—Ç —Ä–æ–º–∫–æ–º, –ø—Ä–æ—Å—Ç–æ —è –Ω–µ —É–º–µ—é –≤ _–ø—Ä–æ—Å—Ç–æ_	–ø—Ä–æ—Å—Ç–æ	object	sg	1	1sg	can.into
@maslitso —è –Ω–µ —É–º–µ—é –≤ –ø–µ–Ω–∏–µ.	–ø–µ–Ω–∏–µ	action	sg	1	1sg	can.into
—è —Ç–æ–∂–µ —É–º–µ—é –≤ —â–∞—á–ª–æ —â–µ–≥–ª–∞ https://t.co/dj534Nnwy5	—â–∞—á–ª–æ	object	sg	1	1sg	can.into
@sd0107 –Ω–µ, —Ñ–æ—Ç–æ—à–æ–ø–∞ –Ω–µ—Ç, –¥–∞ —è –∏ –Ω–µ —É–º–µ—é –≤ –Ω–µ–≥–æ. –ï—â–µ —Ñ–æ—Ç–∫–∏ –¥–µ–ª–∞—Ç—å –ª–µ–Ω—å)	—Ñ–æ—Ç–æ—à–æ–ø	object	sg	1	1sg	can.into
@Kedius @WithinMKAD @Devyatov –Ω–µ –±—É–¥—É —Å–ø–æ—Ä–∏—Ç—å, —è –Ω–µ —É–º–µ—é –≤ —Ñ—É—Ç–±–æ–ª)	—Ñ—É—Ç–±–æ–ª	object	sg	1	1sg	can.into
@ukrjoker –∑–∞–≤–∏—Å—Ç—å :( —è –Ω–µ –æ—á–µ–Ω—å —É–º–µ—é –≤ –µ–¥—É	–µ–¥–∞	object	sg	1	1sg	can.into
–ù–µ —É–º–µ—é –≤ —Å–ø–æ—Ä—Ç –æ—Ç —Å–ª–æ–≤–∞ –≤–æ–æ–±—â–µ @ –¢–∞–∫—Å—Ç–∞–∫—Å —á—Ç–æ —Ç—É—Ç —É –Ω–∞—Å –∞–≥–∞ —Å–ø–æ—Ä—Ç–∞–∫–æ–Ω –∞–≥–∞ —è—Å–Ω–µ–Ω—å–∫–æ *–Ω–∞–±–∏—Ä–∞–µ—Ç 200 –ø–ª–∞–Ω–æ–≤*	—Å–ø–æ—Ä—Ç	object	sg	1	1sg	can.into
–Ø –Ω–µ —É–º–µ—é –≤ –∞–µ—Å—Ç–µ—Ç–∏–∫–∏, –ø–æ—ç—Ç–æ–º—É —ç—Ç–æ –ø—Ä–æ—Å—Ç–æ –º—É–¥–±–æ—Ä–¥????	–∞–µ—Å—Ç–µ—Ç–∏–∫–∞	object	pl	1	1sg	can.into
–ë–õ–Ø–Ø–Ø –Ø –ù–ï –£–ú–ï–Æ –í –°–û–ë–ê–ö	—Å–æ–±–∞–∫–∞	object	pl	1	1sg	can.into
–ù–µ —É–º–µ—é –≤ —ç—Å—Ç–µ—Ç–∏–∫–∏ –Ω–æ –∫–∞–∫ –∂–µ –∫—Ä—É—Ç–æ –∏—Ö –¥–µ–ª–∞—Ç—å	—ç—Å—Ç–µ—Ç–∏–∫–∞	object	pl	1	1sg	can.into
@uspeh_i_tyolki —è –Ω–µ —É–º–µ—é –≤ —Å—Ç–∞—Ç—å–∏	—Å—Ç–∞—Ç—å—è	object	pl	1	1sg	can.into
—è –Ω–µ —É–º–µ—é –≤ —Ö—ç –Ω–∞ —Å–∞–º–æ–º –¥–µ–ª–µ —á—Ç–æ-–Ω–∏–±—É–¥—å –≤—Å—ë —Ä–∞–≤–Ω–æ —Å–ª—É—á–∏–ª–æ—Å—å –±—ã, —è –∑–Ω–∞—é –¥–∞ –∏ –∫—å—ë—Ç–∞–Ω–∏ —Ç–∞–º —Å–ª–∏—à–∫–æ–º —Å–ª–∏—à–∫–æ–º	—Ö—ç	object	sg	1	1sg	can.into
@frozen_lion @Kuzen4ik –±–ª, —Å–ª–∏—à–∫–æ–º —Å–ª–æ–∂–Ω–∞ –¥–ª—è –º–µ–Ω—è, –Ω–µ —É–º–µ—é –≤ —Ç–∞–∫–æ–π —é–º–æ—Ä	—é–º–æ—Ä	object	sg	1	1sg	can.into
@Pintim1 —è –Ω–µ —É–º–µ—é –≤ –ø–æ–¥–∞—Ä–∫–∏	–ø–æ–¥–∞—Ä–æ–∫	object	pl	1	1sg	can.into
–Ø –ù–ï –£–ú–ï–Æ –í –°–õ–û–í–ê	—Å–ª–æ–≤–æ	object	pl	1	1sg	can.into
–Ø –Ω–µ —É–º–µ—é –≤ —Å—Ç—Ä–µ–ª–∫–∏	—Å—Ç—Ä–µ–ª–∫–∞	object	pl	1	1sg	can.into
–õ–∞–¥–Ω–æ –±—ã –∫–≤–µ—Å—Ç "–ø–æ–π–¥–∏ —Ç—É–¥–∞ - –Ω–µ –∑–Ω–∞—é –∫—É–¥–∞", –Ω–æ —Ç–∞–º –µ—â–µ –∏ –ø—Ä–æ–¥–æ–ª–∂–µ–Ω–∏–µ –≤ –≤–∏–¥–µ "–Ω–∞–π–¥–∏ —á–µ–ª–æ–≤–µ–∫–∞ –∏ –ø–æ–æ–±—â–∞–π—Å—è —Å –Ω–∏–º". –Ø –ø–ª–æ—Ö–æ —É–º–µ—é –≤ –∫–≤–µ—Å—Ç—ã :(	–∫–≤–µ—Å—Ç	object	pl	1	1sg	can.into
–°–ø–∞—Ç—å - —ç—Ç–æ, –∫–æ–Ω–µ—á–Ω–æ, —Ö–æ—Ä–æ—à–æ. –ù–æ —è –Ω–µ —É–º–µ—é –≤ —Å–ø–∞—Ç—å :(	—Å–ø–∞—Ç—å	action	sg	1	1sg	can.into
–ü–æ—á–µ–º—É —è –Ω–µ —É–º–µ—é –≤ —Å—Ç–∏–ª–∏–∑–∞—Ü–∏—é?	—Å—Ç–∏–ª–∏–∑–∞—Ü–∏—è	object	sg	1	1sg	can.into
–°–¥–µ–ª–∞–µ–º –≤–∏–¥ —á—Ç–æ —è —É–º–µ—é –≤ —Ü–≤–µ—Ç –ê –≤–æ–æ–±—â–µ –ü—ã—Ç–∞—é—Å—å –ò—Ç—Å —Ö–∞—Ä–¥, –Ω–æ —è –ø—ã—Ç–∞—é—Å—å https://t.co/LrhjUxikOz	—Ü–≤–µ—Ç	object	sg	0	1sg	can.into
@retrsh —è –Ω–µ —É–º–µ—é –≤ —à–∏–ø–ø—ã –Ω–æ –û–ß–ï–ù–¨ –ü–û–°–¢–ê–†–ê–Æ–°–¨ –î–õ–Ø –†–ï–¢–†–®–ê!!!!	—à–∏–ø–ø	object	pl	1	1sg	can.into
–ü—Ä–∏–≤–µ—Ç, –∞–Ω–æ–Ω—É—Å—ã. –Ø —Ö–æ—á—É –ø–æ–≥—Ä–æ–º–º–∏—Ä–æ–≤–∞—Ç—å. –Ø –¥–∞–∂–µ –≤–ø–æ–ª–Ω–µ —Å–Ω–æ—Å–Ω–æ —É–º–µ—é –≤ –ø–ª—é—Å—ã. –ú–æ–≥—É –ø–∞—Ä—É —Å–∫—Ä–∏–ø—Ç–æ–≤ –Ω–∞ –ø–∏—Ç–æ–Ω–µ –∏–ª–∏ –ø–µ—Ä–ª–µ –Ω https://t.co/VC6mMjM4Fm	–ø–ª—é—Å	object	pl	0	1sg	can.into
–≠—Ç–æ –ø–æ—Ä–Ω, –Ω–æ —è –Ω–µ —É–º–µ—é –≤ —Ä–∞–∫—É—Ä—Å—ã, –æ–ª–æ–ª–æ–ª–æ–ª	—Ä–∞–∫—É—Ä—Å	object	pl	1	1sg	can.into
–ù–µ —É–º–µ—é –≤ –∞–∫–≤–∞—Ä–µ–ª—å –∫–∞–∫ –≤—Å–µ–≥–¥–∞	–∞–∫–≤–∞—Ä–µ–ª—å	object	sg	1	1sg	can.into
RT @lana55571: "–Ø –í–ê–¢–ù–ò–ö –∏ –º–µ–Ω—è –Ω–µ –∏–∑–º–µ–Ω–∏—Ç—å...–ò —è —É–º–µ—é –†–æ–¥–∏–Ω—É –ª—é–±–∏—Ç—å..." https://t.co/fN8fdZ6LDG	–ª—é–±–∏—Ç—å	action	None	0	1sg	can.usual
@ohorat_twt –ø—Ä–∏—Ö–æ–¥–∏ –∫–æ –º–Ω–µ –º–æ–≥—É –≤—ã—Å–ª—É—à–∞—Ç—å –ø–æ–¥–±–∞–¥—Ä–∏–≤–∞—Ç—å –Ω–µ —É–º–µ—é	–ø–æ–¥–±–∞–¥—Ä–∏–≤–∞—Ç—å	action	None	1	1sg	can.usual
RT @anuta_anuta31: –ú–∞–≥–Ω—É—Å. –Ø –Ω–µ...—è –Ω–µ –æ—á–µ–Ω—å —Ö–æ—Ä–æ—à–æ —É–º–µ—é –∏–∑–≤–∏–Ω—è—Ç—Å—è.   #shadowhunters #malec https://t.co/7zMPLfMr8F	–∏–∑–≤–∏–Ω—è—Ç—å—Å—è	action	None	1	1sg	can.usual
–Ø —É–º–µ—é –¥–µ—Ä–∂–∞—Ç—å —Ä–æ–≤–Ω–æ —Å–ø–∏–Ω—É, –ò –¥–∞–≤–Ω–æ —É–∂ –Ω–µ –≤–µ—Ä—é —Å–ª–æ–≤–∞–º: "–Ø —Ç–µ–±—è –Ω–∏–∫–æ–≥–¥–∞ –Ω–µ... https://t.co/4hm7GKlqW5	–¥–µ—Ä–∂–∞—Ç—å	action	None	0	1sg	can.usual
RT @OhElWang: @MsEsmira28 üòÖ —è –∂ —É–º–µ—é –ø–æ–¥–¥–µ—Ä–∂–∏–≤–∞—Ç—å, –≤–∏–¥–Ω–æ, –¥–∞? üòò –∂–¥—É —ç—Ç–æ–≥–æ –º–æ–º–µ–Ω—Ç–∞, –≥–ª—É–ø—ã—à–∫–∞	–ø–æ–¥–¥–µ—Ä–∂–∏–≤–∞—Ç—å	action	None	0	1sg	can.usual
–Ø –Ω–µ —É–º–µ—é —Ç–∞–Ω—Ü–µ–≤–∞—Ç—å –∏ –ø–æ—é —è –ø–ª–æ—Ö–æ –ú–Ω–µ —Ç–∞–∫-—Ç–æ –ø–æ—Ö—É–π	—Ç–∞–Ω—Ü–µ–≤–∞—Ç—å	action	None	1	1sg	can.usual
–ù–µ —É–º–µ—é –ª—é–±–∏—Ç—å!!!!–ß—Ç–æ –¥–µ–ª–∞—Ç—å?	–ª—é–±–∏—Ç—å	action	None	1	1sg	can.usual
–ù–∞—Å—Ç—è :–û—Å—Ç–∞–≤—å —É—á—ë–±—É –ø–æ–∑–∞–¥–∏ –∏ –∂–∏–≤–∏ –∏ —Ä–∞–¥—É–π—Å—è —Ç–æ–º—É —á—Ç–æ –µ—Å—Ç—å –ö–∞—Ä–∏–Ω–∞ –∏ –Ø : üòÇüòÇüòÇüòÇ –ù–∞—Å—Ç—è : –Ø —Ç–æ–∂–µ —É–º–µ—é —Å–æ—á–∏–Ω—è—Ç—å –±—Ä–µ–¥	—Å–æ—á–∏–Ω—è—Ç—å	action	None	0	1sg	can.usual
—è –Ω–µ —É–º–µ—é —É—Å–ø–æ–∫–∞–∏–≤–∞—Ç—å –ª—é–¥–µ–π @baadrtdinoff https://t.co/1qc7tXyUxm	—É—Å–ø–æ–∫–∞–∏–≤–∞—Ç—å	action	None	1	1sg	can.usual
@Pers0naGrata –Ω–µ —É–º–µ—é –≤—Ä–∞—Ç—å, –∏ —Å–æ–≤–µ—Å—Ç—å –∑–∞–≥—Ä—ã–∑—ë—Ç - –º–∞–º–∞ —Å–æ–≤—Å–µ–º –æ–¥–Ω–∞	–≤—Ä–∞—Ç—å	action	None	1	1sg	can.usual
–°—Ç–∏—Ö–∏ –ø–∏—Å–∞—Ç—å —è –Ω–µ —É–º–µ—é,–Ω–æ –º—ã—Å–ª–∏ –∏–∑–ª–æ–≥–∞—Ç—å –º–æ–≥—É, –Ø –ø—Ä–æ—Å—Ç–æ –æ—Ç —Ç–µ–±—è –±–∞–ª–¥–µ—é,–ò –Ω–µ –≤–æ —Å–Ω–µ, –∞ –Ω–∞—è–≤—É!!!¬†#TEAMFOLLOWBACK	–ø–∏—Å–∞—Ç—å	action	None	1	1sg	can.usual
RT @inani_ty: –ø–æ—Ä–µ–∑–∞—Ç—å—Å—è –±—É–º–∞–≥–æ–π –º–æ–≥—É, —É–º–µ—é, –±–ª—è—Ç—å–∫–∞–∫–∂–µ—Å—É–∫–∞–±–æ–ª—å–Ω–æ–æ–æ	–ø–æ—Ä–µ–∑–∞—Ç—å—Å—è	action	None	0	1sg	can.usual
@hate_dope —Ç–µ–±—è? –ö—É–¥–∞, –ø—Ä–æ—Å—Ç–∏—Ç–µ? –¢–∏–ø–æ, —Å–æ–∑–¥–∞—Ç—å –≥–µ—Ä–æ–∏–Ω—é, –ø–æ—Ö–æ–∂—É—é –Ω–∞ —Ç–µ–±—è? –ï—Ç–æ —è —É–º–µ—é... –ü—Ä–µ–¥–ª–æ–∂–∏ —á—Ç–æ-–Ω–∏–±—É–¥—å —Å  —Å—é–∂–µ—Ç–æ–º.	–µ—Ç–æ	action	None	0	1sg	can.usual
–ö—Ä—á –º–∞–º–∞ –∑–∞–±–æ–ª–µ–ª–∞  –í—ã—Ö–æ–¥–∏—Ç —Ç—Ä–æ–π–∫–∞ –ù–∏—Ö—É—è –Ω–µ —É–º–µ—é –∏–≥—Ä–∞—Ç—å –≤ —Ñ—É—Ç–±–æ–ª –∞ –í –ø–æ–Ω –Ω–∞ –º–∞—Ç—á  –Ø –±–æ–ª–µ—é –Ω–µ–º–Ω–æ–≥–æ –ú–∞–º–∞ –ù–∞—á–∞–ª–∞ –ø–æ–¥–æ–∑—Ä‚Ä¶ https://t.co/guzL5HC8B6	–∏–≥—Ä–∞—Ç—å	action	None	1	1sg	can.usual
RT @littlepill69: –†–µ–±—è—Ç, –∞ –ø—Ä–∏–∫–∏–Ω—å—Ç–µ, —è —Å–≤–∏–Ω—å—è, —è –Ω–µ —É–º–µ—é —É—Ö–∞–∂–∏–≤–∞—Ç—å –∑–∞ —Å–æ–±–æ–π, –º–Ω–µ –ø–æ—Ö—É–π –Ω–∞ –≤—Å—ë, –Ω–µ —É–º–µ—é –≤–∞—â–µ —Å–ª–µ–¥–∏—Ç—å –∑–∞ —Å–æ–±–æ–π –∏ –≤–∞—â–µ —è –º—Ä–∞–∑‚Ä¶	—É—Ö–∞–∂–∏–≤–∞—Ç—å	action	None	1	1sg	can.usual
RT @HistoryFoto: ¬´–Ø –Ω–µ —É–º–µ—é –±—ã—Ç—å –≤—Ç–æ—Ä–æ–π. –ò –¥–∞–∂–µ –ø–µ—Ä–≤–æ–π –Ω–µ —É–º–µ—é. –¢–æ–ª—å–∫–æ –µ–¥–∏–Ω—Å—Ç–≤–µ–Ω–Ω–æ–π¬ª –ì–∞–ª–∏–Ω–∞ –í–æ–ª—á–µ–∫. –°–µ–≥–æ–¥–Ω—è —É –Ω–µ–µ –¥–µ–Ω—å —Ä–æ–∂–¥–µ–Ω–∏—è. https://t.‚Ä¶	–±—ã—Ç—å	action	None	1	1sg	can.usual
–°–æ–≤–µ—Ç—ã –æ—Ç –ë—Ä—é—Å–∞ –õ–∏. 1. –Ø —É–≤–µ—Ä–µ–Ω —Ç–æ–ª—å–∫–æ –≤ –æ–¥–Ω–æ–º: —è –Ω–µ —É–º–µ—é –ø–µ—Ç—å.	–ø–µ—Ç—å	action	None	1	1sg	can.usual
–í–æ—Ç –≤–æ–æ–±—â–µ –Ω–µ —Ö–æ—á—É. –ù–æ –Ω–µ —É–º–µ—é –≥–æ–≤–æ—Ä–∏—Ç—å "–Ω–µ—Ç". –ù–∞–¥–µ—é—Å—å, –≤—Å–µ –Ω–æ—Ä–º–∞–ª—å–Ω–æ –±—É–¥–µ—Ç	–≥–æ–≤–æ—Ä–∏—Ç—å	action	None	1	1sg	can.usual
–ù–µ —É–º–µ—é –¥–µ–ª–∞—Ç—å —Å–∫—Ä–∏–Ω—ã, –ø–æ—ç—Ç–æ–º—É —Ç–∞–∫: –ø–æ–¥–∞—Ä–∏—Ç–µ... —Ö—É–π —Ç–µ–±–µ!	–¥–µ–ª–∞—Ç—å	action	None	1	1sg	can.usual
–£–º–µ—é –≤–æ–≤—Ä–µ–º—è –æ—Ç–≤–µ—Ç–∏—Ç—å https://t.co/RbjqrudH43	–æ—Ç–≤–µ—Ç–∏—Ç—å	action	None	0	1sg	can.usual
–ú—ã –ª–∞–∑–∏–ª–∏ –ø–æ –∫–∞–Ω–∞—Ç—É, –ø–æ–¥—Ö–æ–¥–∏—Ç –∫ –æ–¥–Ω–æ–∫–ª–µ –∏ –≥–æ–≤–æ—Ä–∏—Ç –Ω—É —á–µ, –∏–¥–∏, –æ–Ω–∞ —Ç–∞–∫–∞—è, –Ω—É —è –Ω–µ —É–º–µ—é, —è —Ç–æ–ª—Å—Ç–∞—è	None	None	None	1	1sg	can.usual
–Ø –Ω–µ –∫–æ–Ω—Ñ–ª–∏–∫—Ç–Ω—ã–π —á–µ–ª–æ–≤–µ–∫. –ù–æ –∫–æ–≥–¥–∞ —Å–µ–±—è –º–µ—Ä–∑–∫–æ –≤–µ–¥—É—Ç... –í–∏–¥–∏–º–æ, —è —É–º–µ—é —Ö–æ—Ç—å –Ω–µ–º–Ω–æ–≥–æ –≥–æ–ª–æ—Å –ø–æ–≤—ã—à–∞—Ç—å.	–ø–æ–≤—ã—à–∞—Ç—å	action	None	0	1sg	can.usual
@Simpson327 –∫–∞–∫ —Ç–∏—Ö–æ —Ç–æ –±–ª—è—Ç—å, –µ—Å–ª–∏ —è –Ω–µ —É–º–µ—é	None	None	None	1	1sg	can.usual
–£–º–µ—é, –ª—é–±–ª—é üç± https://t.co/23iTDPAMQW	None	None	None	0	1sg	can.usual
@chesh_1 –∑–Ω–∞—é :–∑ –ù–û –ü–†–û–°–¢–û –Ø –ù–ï –£–ú–ï–Æ –£–ß–ò–¢–¨–°–Ø))0	—É—á–∏—Ç—å—Å—è	action	None	1	1sg	can.usual
–æ—á–µ–Ω—å –∂–∞–ª–µ—é, —á—Ç–æ –Ω–µ —É–º–µ—é –ø–∏—Å–∞—Ç—å –¥–≤—É–º—è —Ä—É–∫–∞–º–∏	–ø–∏—Å–∞—Ç—å	action	None	1	1sg	can.usual
@before_perfect —è –Ω–µ —É–º–µ—é —Ç–∞–∫	None	None	None	1	1sg	can.usual
RT @lerstyaisreal: @foray__ —Å –¥–Ω—ë–º —Ä–æ–∂–¥–µ–Ω–∏—èüíï–Ω–µ —É–º—Ä–∏(–Ω–µ —É–º–µ—é –ø–æ–∑–¥—Ä–∞–≤–ª—è—Ç—å –ø—Ä–æ—Å—Ç–∏—Ç–µ)	–ø–æ–∑–¥—Ä–∞–≤–ª—è—Ç—å	action	None	1	1sg	can.usual
RT @JERSTON132: –ü–æ–ª—É—á–∞—Ç—å—Å—è –∫–∞–∫ –±–æ–≥, –∫–æ–≥–¥–∞ –Ω–∞ —ç–∫—Å–∫—É—Ä—Å–∏—è—Ö –≤–Ω–µ–∑–∞–ø–Ω–æ —Ñ–æ—Ç–æ–≥—Ä–∞—Ñ–∏—Ä—É—é—Ç –º–∞–º–∫–∏ –¥–Ω–æ–∫–ª–∞—Å—Å–Ω–∏–∫–æ–≤? –õ—é–±–ª—é, —É–º–µ—é, –ø—Ä–∞–∫—Ç–∏–∫—É—é https://t.co/EWv‚Ä¶	None	None	None	0	1sg	can.usual
–Ø –Ω–µ —É–º–µ—é –≤–æ–≤—Ä–µ–º—è –∑–∞—Ç–∫–Ω—É—Ç—å—Å—è))))0))) https://t.co/FSsaThjJJd	–∑–∞—Ç–∫–Ω—É—Ç—å—Å—è	action	None	1	1sg	can.usual
–ß—Ç–æ –¥–µ–ª–∞—Ç—å,–µ—Å–ª–∏ —è –Ω–∏—á–µ–≥–æ –∫–ª–∞—Å—Å–Ω–æ–≥–æ –Ω–µ —É–º–µ—é?	–Ω–∏—á–µ–≥–æ	object	None	1	1sg	can.usual
–ß—Ç–æ-—Ç–æ –ø–æ—Ä–Ω–æ–≥—Ä–∞—Ñ–∏—á–µ—Å–∫–æ–µ –º–æ–≥—É —Ç–æ–ª—å–∫–æ —á–∏—Ç–∞—Ç—å, –∏ –ø—Ä–µ–¥—Å—Ç–∞–≤–ª—è—Ç—å –ù—É, –ø–∏–∫—á–∏ —Ç–æ–∂ –Ω–∏—á–µ–≥–æ –ù–æ —á—Ç–æ –±—ã —Ç–∞–∫ –∫–æ–Ω–∫—Ä–µ—Ç–Ω–æ –ø–æ—Ä–Ω—É—Ö—É –∑—ã—Ä–∏—Ç—å.. –°–æ—Ä—Ä–∏, –Ω–µ —É–º–µ—é	None	None	None	1	1sg	can.usual
–∞–π—â –Ω–µ —É–º–µ—é –ø–æ–¥–¥–µ—Ä–∂–∏–≤–∞—Ç—å —É–±–µ–π—Ç–µ –º–µ–Ω—è	–ø–æ–¥–¥–µ—Ä–∂–∏–≤–∞—Ç—å	action	None	1	1sg	can.usual
—Ñ–∞–∫—Ç –æ–±–æ –º–Ω–µ: —è –Ω–µ —É–º–µ—é –Ω–æ—Ä–º–∞–ª—å–Ω–æ –ø–µ—á–∞—Ç–∞—Ç—å	–ø–µ—á–∞—Ç–∞—Ç—å	action	None	1	1sg	can.usual
–Ω–∞ 18-–π —Å—Ç—Ä–∞–Ω–∏—Ü–µ –ø—Ä–æ–¥—ã –∫ –∞–±–∞–Ω–¥–æ–Ω–µ–¥ –≤–ø–∞–¥–∞—é –≤ —Ç—Ä–∞–¥–∏—Ü–∏–æ–Ω–Ω—É—é –∞–ø–∞—Ç–∏—é —Ç–∏–ø–∞ "—è –Ω–µ —É–º–µ—é –ø–∏—Å–∞—Ç—å"	–ø–∏—Å–∞—Ç—å	action	None	1	1sg	can.usual
@PiDy_twt —ç—Ç–æ –¥–∞, –Ω–æ —è —Ç–∞–∫ –Ω–µ —É–º–µ—é)	—Ç–∞–∫	None	None	1	1sg	can.usual
–∏—Ç–æ–≥ –¥–≤—É—Ö–Ω–µ–¥–µ–ª—å–Ω–æ–π –ø—Ä–∞–∫—Ç–∏–∫–∏: —è —É–º–µ—é –≤–µ–∂–ª–∏–≤–æ —É–ª—ã–±–∞—Ç—å—Å—è –∏ –≥–æ–≤–æ—Ä–∏—Ç—å morgen –¥–∞–∂–µ –≤ 7 —É—Ç—Ä–∞. –Ω–∞ —ç—Ç–æ–º –≤—Å—ë	—É–ª—ã–±–∞—Ç—å—Å—è	action	None	0	1sg	can.usual
@julia_korbyt —è —É–º–µ—é üò®üò®	None	None	None	0	1sg	can.usual
–ù–µ —É–º–µ—é –ø–µ—á—å –±–ª–∏–Ω—ã...–Ω–∞—É—á–∏—Ç–µ?)))	–ø–µ—á—å	action	None	1	1sg	can.usual
–Ø –æ—á–µ–Ω—å —Ö–æ—á—É —á—Ç–æ–±—ã –Ω–µ–∫–æ—Ç–æ—Ä—ã–µ –ª—é–¥–∏ —É–≤–∏–¥–µ–ª–∏ –¥—É—ç—Ç –ø–æ–ª–Ω–æ—Å—Ç—å—é –Ω–æ —è –∂ —Å—Ç–æ –ø—Ä–æ –≤—Å–µ—Ö –∑–∞–µ–±–∞–ª —Ç–æ–ª—å–∫–æ —É–º–µ—é —á—Ç–æ –≤—ã–µ–±—ã–≤–∞—Ç—å—Å—è –∏ –ª–µ–Ω—Ç—É –∑–∞—Å–æ—Ä—è—Ç—å	–≤—ã–µ–±—ã–≤–∞—Ç—å—Å—è	action	None	0	1sg	can.usual
@_Dancing_Bunny_ —è –∫–∞—Ç–∞—Ç—å—Å—è –Ω–µ —É–º–µ—é, –¥–∞ –∏ –≤—Ä–µ–º–µ–Ω–∏ –æ—Å–æ–±–æ –Ω–µ—Ç, –µ—Å–ª–∏ —á–µ—Å—Ç–Ω–æ)	–∫–∞—Ç–∞—Ç—å—Å—è	action	None	1	1sg	can.usual
–ú–∞–¥—Å –ú–∏–∫–∫–µ–ª—å—Å–µ–Ω: "–Ø –Ω–µ —É–º–µ—é –¥–æ—Å—Ç–æ–π–Ω–æ –ø—Ä–æ–∏–≥—Ä—ã–≤–∞—Ç—å" https://t.co/qKhWYMkTEP https://t.co/z16BGHjF6J	–ø—Ä–æ–∏–≥—Ä—ã–≤–∞—Ç—å	action	None	1	1sg	can.usual
–Ø –ù–ï –£–ú–ï–Æ –°–ß–ò–¢–ê–¢–¨	—Å—á–∏—Ç–∞—Ç—å	action	None	1	1sg	can.usual
–ù–µ—Ç, –Ω–µ —É–º–µ—é. –ò, –µ—Å–ª–∏ —á–µ—Å—Ç–Ω–æ, –Ω–µ –≤–æ–∑–Ω–∏–∫–∞–µ—Ç –æ—Å–æ–±–æ–≥–æ –∂–µ–ª–∞–Ω–∏—è –Ω–∞—É—á–∏—Ç—å—Å—è - –ø—Ä–æ—Å—Ç–æ-–Ω–∞–ø—Ä–æ—Å—Ç–æ –æ—Ç—Å—É—Ç—Å—Ç–≤—É–µ—Ç –∏–Ω—Ç–µ—Ä–µ—Å –∫ –∫—É–ª–∏–Ω–∞‚Ä¶ https://t.co/j31Z9TwqxD	None	None	None	1	1sg	can.usual
–ö–∞–∫ –±–æ–ª–µ—Ç—å, –Ω–æ –Ω–µ –ø–æ–¥–∞–≤–∞—Ç—å –Ω–∏–∫–æ–º—É –≤–∏–¥—É..–º–æ–≥—É, —É–º–µ—é , –ø—Ä–∞–∫—Ç–∏–∫—É—éüò©	None	None	None	0	1sg	can.usual
–ù–∞–ø–∏—Ç—å—Å—è –≤ —Å—Ç–µ–ª—å–∫—É –ø–æ—Å–ª–µ —Ç–æ–≥–æ, –∫–∞–∫ –∑–∞—è–≤–∏–ª–∞ –æ –∂—É—Ç–∫–æ–º –ø–æ—Ö–º–µ–ª—å–µ —É –¥–µ–º–æ–Ω–æ–≤? –ú–æ–≥—É, —É–º–µ—é, –ø—Ä–∞–∫—Ç–∏–∫—É—é. –ê –≤–∏—Å–∫–∏ –≤ "–¥–æ–º–µ —É –¥–æ—Ä–æ–≥–∏" —Ö–æ—Ä–æ—à–∏–π...	None	None	None	0	1sg	can.usual
—è –Ω–∞—Å—Ç–æ–ª—å–∫–æ –Ω–µ —É–º–µ—é –∂–¥–∞—Ç—å, —á—Ç–æ —è –ø—ã—Ç–∞–ª–∞—Å—å 2 –æ—Å—Ç–∞–Ω–æ–≤–∫–∏ –ø—Ä–æ–π—Ç–∏ –±—ã—Å—Ç—Ä–µ–µ –∞–≤—Ç–æ–±—É—Å–∞! –∞–≤—Ç–æ–±—É—Å–∞, –ö–∞—Ä–ª.	–∂–¥–∞—Ç—å	action	None	1	1sg	can.usual
@colliincee —è –Ω–µ —É–º–µ—é –∏—Ö –ø–∏—Å–∞—Ç—å –∏ —è –Ω–µ –∑–Ω–∞—é –∫–∞–∫ –∏ —è —Ç—É–ø–∞—è –ø—Ä–æ—Å—Ç:))	–ø–∏—Å–∞—Ç—å	action	None	1	1sg	can.usual
–•–æ—Ç—è –Ω–∏—á–µ–≥–æ –Ω–æ–≤–æ–≥–æ. –í—Å–µ–≥–¥–∞ –¥–µ–ª–∞—é –≤—Å—ë –≤ –ø–æ—Å–ª–µ–¥–Ω–∏–π –º–æ–º–µ–Ω—Ç, –ø–æ-–¥—Ä—É–≥–æ–º—É –Ω–µ —É–º–µ—é	None	None	None	1	1sg	can.usual
–ø–µ—Ä–µ–≤–æ–¥–∏—Ç—å —Å –ª–∞—Ç–∏–Ω–∏—Ü—ã –Ω–∞ –∫–∏—Ä–∏–ª–ª–∏—Ü—É Be Quiet, –ø–æ—Ç–æ–º—É —á—Ç–æ –Ω–∏–≥–¥–µ —ç—Ç–æ–≥–æ –Ω–µ—Ç, –º–æ–≥—É, —É–º–µ—é, –ø—Ä–∞–∫—Ç–∏–∫—É—é	None	None	None	0	1sg	can.usual
—è –Ω–µ —É–º–µ—é –∏—Ö –ø–∏—Å–∞—Ç—å :D https://t.co/ULJpRCg90c	–ø–∏—Å–∞—Ç—å	action	None	1	1sg	can.usual
–ê –ø–æ—á–µ–º—É, —è –∫–∞–∫ –∏ –í—ã –ª–µ—Ç–∞—Ç—å –Ω–µ —É–º–µ—é?!	–ª–µ—Ç–∞—Ç—å	action	None	1	1sg	can.usual
–ò—â—É —Ä–∞–±–æ—Ç—É –ø—Ä–∏–Ω—Ü–µ—Å—Å–æ–π... –£–º–µ—é –∫–æ–º–∞–Ω–¥–æ–≤–∞—Ç—å –∏ —Ö–Ω—ã–∫–∞—Ç—å)	–∫–æ–º–∞–Ω–¥–æ–≤–∞—Ç—å	action	None	0	1sg	can.usual
–î–∞ –≤—Å—ë —è —É–º–µ—é –¥–µ–ª–∞—Ç—å —Å–∞–º–∞.  –¢–æ–ª—å–∫–æ –≤–æ—Ç –º—É–∂—á–∏–Ω–µ –æ–± —ç—Ç–æ–º –∑–Ω–∞—Ç—å –Ω–µ –Ω—É–∂–Ω–æ.	–¥–µ–ª–∞—Ç—å	action	None	0	1sg	can.usual
—Ç–µ–±—è –∏ –∫–∞—Ä–æ—á–µ —è –Ω–µ —É–º–µ—é —Ç–∞–∫–æ–µ –≥–æ–≤–æ—Ä–∏—Ç—å –Ω–æ –¥—É–º–∞—é, —á—Ç–æ —Ç—ã –º–Ω–æ–≥–∏–º –≤–∞–∂–Ω–∞ –∏ –≤ –æ–±—â–µ–º –Ω–µ —É—Ö–æ–¥–∏. –≤–æ—Ç	–≥–æ–≤–æ—Ä–∏—Ç—å	action	None	1	1sg	can.usual
–ù—É, —è —É–º–µ—é –≥–æ—Ç–æ–≤–∏—Ç—å —Ö–¥–¥ https://t.co/Ue0ylg6LY0	–≥–æ—Ç–æ–≤–∏—Ç—å	action	None	0	1sg	can.usual
–Ø —É–º–µ—é –Ω–µ—Ä–≤—ã –∂–µ—á—å –¥–æ —Ç–ª–∞–∞–∞–∞, —Å–ø–æ—Ä–∏–º –ü—Ä–∏–¥–µ—Ä–∂–∏ –≤—Å–µ —Å–≤–æ–∏ –±–ª–∞ –±–ª–∞ –±–ª–∞–∞–∞–∞–∞–∞, –Ω—É –∫—Ç–æ —Ç–µ–±–µ —Å–∫–∞–∑–∞–∞–∞–∞–ªüëÖ	–∂–µ—á—å	action	None	0	1sg	can.usual
@Brown_Eyed_Alph —è –ø—Ä–æ—Å—Ç–æ —Å–≤—è—Ç–æ—à–∞,–¥–∞ –µ—â—ë –∫ —Ç–æ–º—É –∂–µ –Ω–µ —É–º–µ—é –≤–µ—Å–µ–ª–∏—Ç—å—Å—è *—Å–º–æ—Ç—Ä—é –Ω–∞ —Ç–µ–±—è –∏ –≤ –º–æ–∏—Ö –≥–ª–∞–∑–∞—Ö —Ç–∞–∫ –∏ –ø–ª–µ—â–µ—Ç –Ω–µ–≤–∏–Ω–Ω–æ—Å—Ç—å*	–≤–µ—Å–µ–ª–∏—Ç—å—Å—è	action	None	1	1sg	can.usual
–ì—Å–ø–¥. –Ø —É–º–µ—é –±—ã—Ç—å –º–∏–ª–æ–π.^^ #gensei #gensei_studio #gensei_art #cosplay #russiancosplay‚Ä¶ https://t.co/TcxPlxERJk	–±—ã—Ç—å	action	None	0	1sg	can.usual
–û—Ç ¬´–•–º, –Ω–∞–¥–æ –ø–∞—Ä–Ω—è —Å–µ–±–µ –Ω–∞–π—Ç–∏¬ª –¥–æ ¬´–î–∞ –Ω—É –Ω–∞—Ö–µ—Ä —ç—Ç–æ –¥–µ—Ä—å–º–æ¬ª –∑–∞ 1 —Å–µ–∫—É–Ω–¥—É. –ú–æ–≥—É, —É–º–µ—é, –ø—Ä–∞–∫—Ç–∏–∫—É—é. üòê	None	None	None	0	1sg	can.usual
RT @lovernis__: –ø–æ—á–µ–º—É —è –Ω–µ —É–º–µ—é —Å–æ—Å—Ç–∞–≤–ª—è—Ç—å —Ç–∞–∫–∏–µ –∫–æ–Ω—Å–ø–µ–∫—Ç—ã? https://t.co/eCGtmzfjxI	—Å–æ—Å—Ç–∞–≤–ª—è—Ç—å	action	None	1	1sg	can.usual